1-A,OTOLOGY,Anatomy
1-B,OTOLOGY,Physiology
1-C,OTOLOGY,Diseases Of External Ear
1-D,OTOLOGY,Diseases Of Middle Ear Cleft
1-E,OTOLOGY,Otosclerosis
1-F,OTOLOGY,Meniereâ€™s Syndrome
1-G,OTOLOGY,Tumors In Otology
1-H,OTOLOGY,Deaf Mutism
1-I,OTOLOGY,Miscellaneous Topics In Ototogy
2-A,RHINOLOGY,Anatomy And Physiology Of Nose
2-B,RHINOLOGY,Rhinosinusitis
2-C,RHINOLOGY,Granulomatous Disease Of Nose
2-D,RHINOLOGY,Disorders Of Nasal Septum
2-E,RHINOLOGY,Epistaxis
2-F,RHINOLOGY,Trauma To Nose And PNS
2-G,RHINOLOGY,Tumours Of Nose And PNS
2-H,RHINOLOGY,Disorders Of Nasopharynx
2-I,RHINOLOGY,Miscellaneous Topics In Rhinology
3-A,LARYNGOLOGY AND TRACHEA AND ESOPHAGUS,Anatomy And Physiology
3-B,LARYNGOLOGY AND TRACHEA AND ESOPHAGUS,Congenital Lesions Of Larynx And Obstructed Airway 
3-C,LARYNGOLOGY AND TRACHEA AND ESOPHAGUS,Laryngotracheal Trauma
3-D,LARYNGOLOGY AND TRACHEA AND ESOPHAGUS,Acute And Chronic Inflammation Of Larynx
3-E,LARYNGOLOGY AND TRACHEA AND ESOPHAGUS,Voice Disorders
3-F,LARYNGOLOGY AND TRACHEA AND ESOPHAGUS,Cancer Of Larynx
3-G,LARYNGOLOGY AND TRACHEA AND ESOPHAGUS,Esophagus 
3-H,LARYNGOLOGY AND TRACHEA AND ESOPHAGUS,Dysphagia
3-I,LARYNGOLOGY AND TRACHEA AND ESOPHAGUS,Foreign Body In Aerodigestive Tract 
3-J,LARYNGOLOGY AND TRACHEA AND ESOPHAGUS,Recent Advances
4-A,PHARYNGOLOGY AND NECK,Neck Mass
4-B,PHARYNGOLOGY AND NECK,Oral Cavity And Salivary Glands
4-C,PHARYNGOLOGY AND NECK,Pharynx -Oropharynx And Hypopharynx
